"FlightDate","Field_ID","Burkeetal2019_ID","UAStype","PolygonType","PondType","area_m2","edge_m","edge.area","Median8dC_BubFlux","Cumulative_BubFlux","TotPrec_8dpreflight"
"2014-07-11","Field_D","A","FWing","pondedge",1,114.9689,56.52,0.49,NA,NA,11.9
"2014-07-11","Field_D","A","FWing","water",1,65.4441,52.03,0.79,NA,NA,11.9
"2015-07-12","Field_D","A","FWing","pondedge",1,149.5011,81.28,0.54,NA,1.569,22.9
"2015-07-12","Field_D","A","FWing","water",1,124.5699,103.3,0.83,NA,1.569,22.9
"2016-06-12","Field_D","A","Quad","pondedge",1,173.3128,72.94,0.42,0,1.334,4.1
"2016-06-12","Field_D","A","Quad","water",1,43.5291,33.88,0.78,0,1.334,4.1
"2016-06-15","Field_D","A","Quad","pondedge",1,184.1024,76.76,0.42,0,1.334,11.8
"2016-06-15","Field_D","A","Quad","water",1,69.1161,45.37,0.66,0,1.334,11.8
"2016-06-17","Field_D","A","Quad","pondedge",1,187.4483,76.28,0.41,0,1.334,13
"2016-06-17","Field_D","A","Quad","water",1,69.8701,55.5,0.79,0,1.334,13
"2016-06-26","Field_D","A","Quad","pondedge",1,174.6055,73.03,0.42,0,1.334,11.2
"2016-06-26","Field_D","A","Quad","water",1,64.9141,43.92,0.68,0,1.334,11.2
"2016-06-29","Field_D","A","Quad","pondedge",1,185.8516,72.98,0.39,0.167,1.334,26.5
"2016-06-29","Field_D","A","Quad","water",1,91.2773,60.35,0.66,0.167,1.334,26.5
"2016-07-03","Field_D","A","Quad","pondedge",1,184.9326,74.91,0.41,0.167,1.334,26.4
"2016-07-03","Field_D","A","Quad","water",1,117.9974,76.74,0.65,0.167,1.334,26.4
"2016-07-06","Field_D","A","Quad","pondedge",1,191.9282,74.18,0.39,0,1.334,50.1
"2016-07-06","Field_D","A","Quad","water",1,268.2752,150.52,0.56,0,1.334,50.1
"2016-07-12","Field_D","A","FWing","pondedge",1,164.0996,76.41,0.47,0,1.334,29.8
"2016-07-12","Field_D","A","FWing","water",1,235.0003,164.02,0.7,0,1.334,29.8
"2016-07-12","Field_D","A","Quad","pondedge",1,194.5076,75.09,0.39,0,1.334,29.8
"2016-07-12","Field_D","A","Quad","water",1,254.302,140.32,0.55,0,1.334,29.8
"2016-07-19","Field_D","A","Quad","pondedge",1,198.9971,75.67,0.38,0,1.334,32.6
"2016-07-19","Field_D","A","Quad","water",1,268.3808,145.53,0.54,0,1.334,32.6
"2016-07-24","Field_D","A","Quad","pondedge",1,187.5007,73.01,0.39,0,1.334,14.2
"2016-07-24","Field_D","A","Quad","water",1,243.782,149.25,0.61,0,1.334,14.2
"2016-07-30","Field_D","A","Quad","pondedge",1,192.9435,71.25,0.37,0,1.334,45
"2016-07-30","Field_D","A","Quad","water",1,283.7788,151.58,0.53,0,1.334,45
"2016-08-22","Field_D","A","Quad","pondedge",1,197.2163,70.86,0.36,NA,1.334,3.3
"2016-08-22","Field_D","A","Quad","water",1,304.2908,144.34,0.47,NA,1.334,3.3
"2017-07-24","Field_D","A","FWing","pondedge",1,185.4977,77.85,0.42,NA,21.641,6.6
"2017-07-24","Field_D","A","FWing","water",1,241.1441,173.86,0.72,NA,21.641,6.6
"2017-07-26","Field_D","A","Quad","pondedge",1,197.4822,74.64,0.38,NA,21.641,0
"2017-07-26","Field_D","A","Quad","water",1,214.2095,129.53,0.6,NA,21.641,0
"2018-06-17","Field_D","A","Quad","pondedge",1,185.1435,64.89,0.35,0.284,12.768,5.5
"2018-06-17","Field_D","A","Quad","water",1,56.3317,48.04,0.85,0.284,12.768,5.5
"2018-06-28","Field_D","A","Quad","pondedge",1,203.8373,75.43,0.37,0,12.768,21.3
"2018-06-28","Field_D","A","Quad","water",1,346.1912,148.47,0.43,0,12.768,21.3
"2018-07-05","Field_D","A","Quad","pondedge",1,191.7324,73.9,0.39,0,12.768,0.6
"2018-07-05","Field_D","A","Quad","water",1,130.3752,77.84,0.6,0,12.768,0.6
"2018-07-11","Field_D","A","Quad","pondedge",1,189.3418,75.57,0.4,0,12.768,5.4
"2018-07-11","Field_D","A","Quad","water",1,126.763,74.54,0.59,0,12.768,5.4
"2018-07-17","Field_D","A","Quad","pondedge",1,177.9637,64.16,0.36,0.001,12.768,1.2
"2018-07-17","Field_D","A","Quad","water",1,94.0279,64.37,0.68,0.001,12.768,1.2
"2018-07-28","Field_D","A","FWing","pondedge",1,182.0457,76.06,0.42,0.109,12.768,38.6
"2018-07-28","Field_D","A","FWing","water",1,118.6135,86.53,0.73,0.109,12.768,38.6
"2018-08-01","Field_D","A","Quad","pondedge",1,194.5798,73.86,0.38,0.068,12.768,24.6
"2018-08-01","Field_D","A","Quad","water",1,132.6302,75.6,0.57,0.068,12.768,24.6
"2018-08-08","Field_D","A","Quad","pondedge",1,189.6265,71.56,0.38,NA,12.768,6.2
"2018-08-08","Field_D","A","Quad","water",1,96.8556,64.71,0.67,NA,12.768,6.2
"2014-07-11","Field_E","B","FWing","pondedge",1,26.0362,21.48,0.82,0.031,1.588,11.9
"2014-07-11","Field_E","B","FWing","water",1,9.7813,13.56,1.39,0.031,1.588,11.9
"2015-07-12","Field_E","B","FWing","pondedge",1,33.1427,24.67,0.74,0.014,6.587,22.9
"2015-07-12","Field_E","B","FWing","water",1,26.2749,22.71,0.86,0.014,6.587,22.9
"2016-06-12","Field_E","B","Quad","pondedge",1,25.9161,21.3,0.82,NA,NA,4.1
"2016-06-12","Field_E","B","Quad","water",1,13.7502,18.99,1.38,NA,NA,4.1
"2016-06-15","Field_E","B","Quad","pondedge",1,28.0588,22.32,0.8,NA,NA,11.8
"2016-06-15","Field_E","B","Quad","water",1,12.5278,23.58,1.88,NA,NA,11.8
"2016-06-17","Field_E","B","Quad","pondedge",1,28.4326,23.09,0.81,NA,NA,13
"2016-06-17","Field_E","B","Quad","water",1,24.5324,20.93,0.85,NA,NA,13
"2016-06-26","Field_E","B","Quad","pondedge",1,32.2187,23.44,0.73,NA,NA,11.2
"2016-06-26","Field_E","B","Quad","water",1,24.8468,19.91,0.8,NA,NA,11.2
"2016-06-29","Field_E","B","Quad","pondedge",1,29.6747,25.15,0.85,NA,NA,26.5
"2016-06-29","Field_E","B","Quad","water",1,26.608,21.33,0.8,NA,NA,26.5
"2016-07-03","Field_E","B","Quad","pondedge",1,31.1285,24.8,0.8,NA,NA,26.4
"2016-07-03","Field_E","B","Quad","water",1,27.9727,21.82,0.78,NA,NA,26.4
"2016-07-06","Field_E","B","Quad","pondedge",1,33.3314,26.77,0.8,NA,NA,50.1
"2016-07-06","Field_E","B","Quad","water",1,30.1941,23.23,0.77,NA,NA,50.1
"2016-07-12","Field_E","B","FWing","pondedge",1,34.8705,26.6,0.76,NA,NA,29.8
"2016-07-12","Field_E","B","FWing","water",1,28.9523,25.17,0.87,NA,NA,29.8
"2016-07-12","Field_E","B","Quad","pondedge",1,34.4636,24.57,0.71,NA,NA,29.8
"2016-07-12","Field_E","B","Quad","water",1,25.4127,30.52,1.2,NA,NA,29.8
"2016-07-19","Field_E","B","Quad","pondedge",1,35.4198,25.2,0.71,NA,NA,32.6
"2016-07-19","Field_E","B","Quad","water",1,34.0597,24.72,0.73,NA,NA,32.6
"2016-07-24","Field_E","B","Quad","pondedge",1,34.3766,24.82,0.72,NA,NA,14.2
"2016-07-24","Field_E","B","Quad","water",1,24.5792,20.42,0.83,NA,NA,14.2
"2016-07-30","Field_E","B","Quad","pondedge",1,34.5363,24.35,0.71,NA,NA,45
"2016-07-30","Field_E","B","Quad","water",1,24.9798,26.74,1.07,NA,NA,45
"2016-08-22","Field_E","B","Quad","pondedge",1,35.144,25.58,0.73,NA,NA,3.3
"2016-08-22","Field_E","B","Quad","water",1,16.6688,22.41,1.34,NA,NA,3.3
"2017-07-24","Field_E","B","FWing","pondedge",1,38.1814,26.5,0.69,NA,1.174,6.6
"2017-07-24","Field_E","B","FWing","water",1,26.3315,25.71,0.98,NA,1.174,6.6
"2017-07-26","Field_E","B","Quad","pondedge",1,38.0571,25.86,0.68,NA,1.174,0
"2017-07-26","Field_E","B","Quad","water",1,26.7501,28.59,1.07,NA,1.174,0
"2018-06-17","Field_E","B","Quad","pondedge",1,58.9147,45.25,0.77,0,104.645,5.5
"2018-06-17","Field_E","B","Quad","water",1,18.8647,23.06,1.22,0,104.645,5.5
"2018-06-25","Field_E","B","Quad","pondedge",1,66.3816,48.41,0.73,0.007,104.645,67.9
"2018-06-25","Field_E","B","Quad","water",1,75.7475,65.11,0.86,0.007,104.645,67.9
"2018-07-05","Field_E","B","Quad","pondedge",1,60.249,49.96,0.83,0,104.645,0.6
"2018-07-05","Field_E","B","Quad","water",1,23.7318,30.7,1.29,0,104.645,0.6
"2018-07-11","Field_E","B","Quad","pondedge",1,66.2192,48.75,0.74,0.015,104.645,5.4
"2018-07-11","Field_E","B","Quad","water",1,17.1382,25.16,1.47,0.015,104.645,5.4
"2018-07-17","Field_E","B","Quad","pondedge",1,57.66,44.94,0.78,0,104.645,1.2
"2018-07-17","Field_E","B","Quad","water",1,15.3658,22.51,1.46,0,104.645,1.2
"2018-07-28","Field_E","B","FWing","pondedge",1,51.0092,46.24,0.91,0,104.645,38.6
"2018-07-28","Field_E","B","FWing","water",1,16.2633,23.79,1.46,0,104.645,38.6
"2018-08-01","Field_E","B","Quad","pondedge",1,62.5228,48.7,0.78,0,104.645,24.6
"2018-08-01","Field_E","B","Quad","water",1,19.0237,24.26,1.28,0,104.645,24.6
"2014-07-11","Field_S","C","FWing","pondedge",2,37.0697,36.03,0.97,3.005,438.79,11.9
"2014-07-11","Field_S","C","FWing","water",2,27.6122,35.97,1.3,3.005,438.79,11.9
"2015-07-12","Field_S","C","FWing","pondedge",2,46.7778,41.04,0.88,0.012,49.353,22.9
"2015-07-12","Field_S","C","FWing","water",2,42.3688,38.71,0.91,0.012,49.353,22.9
"2016-06-12","Field_S","C","Quad","pondedge",2,54.2214,36.56,0.67,0,266.82,4.1
"2016-06-12","Field_S","C","Quad","water",2,51.38,41.28,0.8,0,266.82,4.1
"2016-06-15","Field_S","C","Quad","pondedge",2,53.1389,37.34,0.7,0,266.82,11.8
"2016-06-15","Field_S","C","Quad","water",2,49.9549,38.11,0.76,0,266.82,11.8
"2016-06-17","Field_S","C","Quad","pondedge",2,54.8069,40.29,0.74,0,266.82,13
"2016-06-17","Field_S","C","Quad","water",2,59.7091,47.12,0.79,0,266.82,13
"2016-06-24","Field_S","C","Quad","pondedge",2,55.4543,41.34,0.75,0.311,266.82,16
"2016-06-24","Field_S","C","Quad","water",2,56.5019,43.58,0.77,0.311,266.82,16
"2016-06-26","Field_S","C","Quad","pondedge",2,56.9554,39.47,0.69,5.855,266.82,11.2
"2016-06-26","Field_S","C","Quad","water",2,55.1442,44.96,0.82,5.855,266.82,11.2
"2016-07-03","Field_S","C","Quad","pondedge",2,60.454,43.29,0.72,11.398,266.82,26.4
"2016-07-03","Field_S","C","Quad","water",2,58.2045,44.8,0.77,11.398,266.82,26.4
"2016-07-06","Field_S","C","Quad","pondedge",2,56.9231,40.32,0.71,8.167,266.82,50.1
"2016-07-06","Field_S","C","Quad","water",2,59.8415,48.35,0.81,8.167,266.82,50.1
"2016-07-12","Field_S","C","FWing","pondedge",2,51.8584,39.06,0.75,2.468,266.82,29.8
"2016-07-12","Field_S","C","FWing","water",2,48.0726,36.57,0.76,2.468,266.82,29.8
"2016-07-12","Field_S","C","Quad","pondedge",2,50.1277,37.88,0.76,2.468,266.82,29.8
"2016-07-12","Field_S","C","Quad","water",2,49.7268,39.11,0.79,2.468,266.82,29.8
"2016-07-19","Field_S","C","Quad","pondedge",2,53.1774,37.58,0.71,0,266.82,32.6
"2016-07-19","Field_S","C","Quad","water",2,53.2082,41.23,0.77,0,266.82,32.6
"2016-07-24","Field_S","C","Quad","pondedge",2,50.2702,34.91,0.69,0.508,266.82,14.2
"2016-07-24","Field_S","C","Quad","water",2,48.3008,39.93,0.83,0.508,266.82,14.2
"2016-07-30","Field_S","C","Quad","pondedge",2,53.073,37.37,0.7,2.895,266.82,45
"2016-07-30","Field_S","C","Quad","water",2,52.1526,39.89,0.76,2.895,266.82,45
"2016-08-22","Field_S","C","Quad","pondedge",2,48.915,34.81,0.71,NA,266.82,3.3
"2016-08-22","Field_S","C","Quad","water",2,51.1324,39,0.76,NA,266.82,3.3
"2017-06-13","Field_S","C","Quad","pondedge",2,55.4593,41.03,0.74,1.158,40.028,0
"2017-06-13","Field_S","C","Quad","water",2,60.3493,50.43,0.84,1.158,40.028,0
"2017-06-30","Field_S","C","Quad","pondedge",2,55.6217,39.44,0.71,0,40.028,8.2
"2017-06-30","Field_S","C","Quad","water",2,58.3355,50.84,0.87,0,40.028,8.2
"2017-07-21","Field_S","C","Quad","pondedge",2,57.6124,41.22,0.72,0,40.028,44.9
"2017-07-21","Field_S","C","Quad","water",2,59.0233,46.77,0.79,0,40.028,44.9
"2017-07-24","Field_S","C","FWing","pondedge",2,50.4241,38.2,0.76,NA,40.028,6.6
"2017-07-24","Field_S","C","FWing","water",2,45.4241,36.98,0.81,NA,40.028,6.6
"2017-07-26","Field_S","C","Quad","pondedge",2,57.6444,39.72,0.69,NA,40.028,0
"2017-07-26","Field_S","C","Quad","water",2,54.7499,49.26,0.9,NA,40.028,0
"2018-06-17","Field_S","C","Quad","pondedge",2,56.1671,46.37,0.83,0,86.787,5.5
"2018-06-17","Field_S","C","Quad","water",2,54.0504,49.77,0.92,0,86.787,5.5
"2018-06-25","Field_S","C","Quad","pondedge",2,60.2605,46.1,0.77,0,86.787,67.9
"2018-06-25","Field_S","C","Quad","water",2,59.25,52.95,0.89,0,86.787,67.9
"2018-07-05","Field_S","C","Quad","pondedge",2,56.0258,43.56,0.78,0,86.787,0.6
"2018-07-05","Field_S","C","Quad","water",2,49.8725,38.92,0.78,0,86.787,0.6
"2018-07-11","Field_S","C","Quad","pondedge",2,54.7344,40.72,0.74,0,86.787,5.4
"2018-07-11","Field_S","C","Quad","water",2,48.6287,40.89,0.84,0,86.787,5.4
"2018-07-17","Field_S","C","Quad","pondedge",2,54.2675,39.73,0.73,0,86.787,1.2
"2018-07-17","Field_S","C","Quad","water",2,47.1233,36.92,0.78,0,86.787,1.2
"2018-07-28","Field_S","C","FWing","pondedge",2,44.6024,38.33,0.86,0,86.787,38.6
"2018-07-28","Field_S","C","FWing","water",2,42.789,36.05,0.84,0,86.787,38.6
"2018-08-01","Field_S","C","Quad","pondedge",2,56.0916,38.05,0.68,0.882,86.787,24.6
"2018-08-01","Field_S","C","Quad","water",2,50.3151,40.09,0.8,0.882,86.787,24.6
"2018-08-08","Field_S","C","Quad","pondedge",2,54.5053,39.99,0.73,NA,86.787,6.2
"2018-08-08","Field_S","C","Quad","water",2,39.2755,32.95,0.84,NA,86.787,6.2
"2016-06-12","Field_C","D","Quad","water",2,37.4121,50.47,1.35,0,33.284,4.1
"2016-06-15","Field_C","D","Quad","pondedge",2,472.3459,161.87,0.34,0,33.284,11.8
"2016-06-15","Field_C","D","Quad","water",2,61.7578,51.57,0.84,0,33.284,11.8
"2016-06-17","Field_C","D","Quad","pondedge",2,437.801,148.77,0.34,0,33.284,13
"2016-06-17","Field_C","D","Quad","water",2,53.8068,62.27,1.16,0,33.284,13
"2016-06-26","Field_C","D","Quad","pondedge",2,479.4248,164.93,0.34,0,33.284,11.2
"2016-06-26","Field_C","D","Quad","water",2,54.5685,69.21,1.27,0,33.284,11.2
"2016-06-29","Field_C","D","Quad","pondedge",2,437.276,155.09,0.35,0.012,33.284,26.5
"2016-06-29","Field_C","D","Quad","water",2,58.0253,66.67,1.15,0.012,33.284,26.5
"2016-07-03","Field_C","D","Quad","pondedge",2,460.7108,159.5,0.35,0.012,33.284,26.4
"2016-07-03","Field_C","D","Quad","water",2,71.8849,107.87,1.5,0.012,33.284,26.4
"2016-07-06","Field_C","D","Quad","water",2,59.5824,71.37,1.2,0,33.284,50.1
"2016-07-12","Field_C","D","FWing","pondedge",2,445.6668,178.52,0.4,0,33.284,29.8
"2016-07-12","Field_C","D","FWing","water",2,52.9431,84.69,1.6,0,33.284,29.8
"2016-07-12","Field_C","D","Quad","pondedge",2,453.3114,157.5,0.35,0,33.284,29.8
"2016-07-12","Field_C","D","Quad","water",2,62.2521,80.79,1.3,0,33.284,29.8
"2016-07-19","Field_C","D","Quad","water",2,44.2742,47.07,1.06,0,33.284,32.6
"2016-07-24","Field_C","D","Quad","pondedge",2,461.1479,150.51,0.33,0.343,33.284,14.2
"2016-07-24","Field_C","D","Quad","water",2,44.7829,54.65,1.22,0.343,33.284,14.2
"2016-07-30","Field_C","D","Quad","pondedge",2,411.2627,144.05,0.35,0.872,33.284,45
"2016-07-30","Field_C","D","Quad","water",2,46.9866,47.4,1.01,0.872,33.284,45
"2016-08-22","Field_C","D","Quad","pondedge",2,473.1778,158.69,0.34,NA,33.284,3.3
"2016-08-22","Field_C","D","Quad","water",2,39.2858,45.93,1.17,NA,33.284,3.3
"2017-07-21","Field_C","D","Quad","pondedge",2,501.0119,176.38,0.35,0,31.858,44.9
"2017-07-21","Field_C","D","Quad","water",2,101.3984,142.93,1.41,0,31.858,44.9
"2017-07-26","Field_C","D","Quad","pondedge",2,486.8385,175.37,0.36,NA,31.858,0
"2017-07-26","Field_C","D","Quad","water",2,82.4315,109.91,1.33,NA,31.858,0
"2018-06-17","Field_C","D","Quad","pondedge",2,533.1419,182.74,0.34,0,146.899,5.5
"2018-06-17","Field_C","D","Quad","water",2,73.0789,72.94,1,0,146.899,5.5
"2018-06-28","Field_C","D","Quad","pondedge",2,533.3963,180.62,0.34,0,146.899,21.3
"2018-06-28","Field_C","D","Quad","water",2,168.4051,161.5,0.96,0,146.899,21.3
"2018-07-11","Field_C","D","Quad","pondedge",2,502.4701,194.66,0.39,0.423,146.899,5.4
"2018-07-11","Field_C","D","Quad","water",2,71.2862,83.39,1.17,0.423,146.899,5.4
"2018-07-17","Field_C","D","Quad","pondedge",2,514.2409,188.37,0.37,0.451,146.899,1.2
"2018-07-17","Field_C","D","Quad","water",2,71.3638,71.3,1,0.451,146.899,1.2
"2018-08-01","Field_C","D","Quad","pondedge",2,511.6525,189.85,0.37,3.297,146.899,24.6
"2018-08-01","Field_C","D","Quad","water",2,52.4151,53.12,1.01,3.297,146.899,24.6
"2014-07-11","Field_A","E","FWing","pondedge",3,70.2942,55.14,0.78,104.789,6621.487,11.9
"2014-07-11","Field_A","E","FWing","water",3,65.3199,53.21,0.81,104.789,6621.487,11.9
"2015-07-12","Field_A","E","FWing","pondedge",3,108.1802,72.69,0.67,NA,5452.229,22.9
"2015-07-12","Field_A","E","FWing","water",3,106.6148,84.91,0.8,NA,5452.229,22.9
"2016-06-12","Field_A","E","Quad","pondedge",3,96.1802,54.23,0.56,37.882,2692.664,4.1
"2016-06-12","Field_A","E","Quad","water",3,117.2642,62.27,0.53,37.882,2692.664,4.1
"2016-06-24","Field_A","E","Quad","pondedge",3,103.3632,58.49,0.57,6.47,2692.664,16
"2016-06-24","Field_A","E","Quad","water",3,122.543,74.48,0.61,6.47,2692.664,16
"2016-06-26","Field_A","E","Quad","pondedge",3,100.8664,57.7,0.57,14.996,2692.664,11.2
"2016-06-26","Field_A","E","Quad","water",3,124.2194,68.71,0.55,14.996,2692.664,11.2
"2016-07-03","Field_A","E","Quad","pondedge",3,105.7591,56.71,0.54,20.995,2692.664,26.4
"2016-07-03","Field_A","E","Quad","water",3,119.938,73.1,0.61,20.995,2692.664,26.4
"2016-07-06","Field_A","E","Quad","pondedge",3,106.8777,64.12,0.6,18.468,2692.664,50.1
"2016-07-06","Field_A","E","Quad","water",3,127.5143,76.97,0.6,18.468,2692.664,50.1
"2016-07-12","Field_A","E","FWing","pondedge",3,101.3239,68.14,0.67,31.055,2692.664,29.8
"2016-07-12","Field_A","E","FWing","water",3,87.6575,64.38,0.73,31.055,2692.664,29.8
"2016-07-12","Field_A","E","Quad","pondedge",3,96.1973,55.37,0.58,31.055,2692.664,29.8
"2016-07-12","Field_A","E","Quad","water",3,101.5703,67.32,0.66,31.055,2692.664,29.8
"2016-07-24","Field_A","E","Quad","pondedge",3,100.0475,57.34,0.57,25.548,2692.664,14.2
"2016-07-24","Field_A","E","Quad","water",3,109.9064,65.34,0.59,25.548,2692.664,14.2
"2016-07-30","Field_A","E","Quad","pondedge",3,101.2398,53.47,0.53,44.276,2692.664,45
"2016-07-30","Field_A","E","Quad","water",3,107.8932,63.92,0.59,44.276,2692.664,45
"2016-08-22","Field_A","E","Quad","pondedge",3,99.3339,54.63,0.55,NA,2692.664,3.3
"2016-08-22","Field_A","E","Quad","water",3,112.1716,64.51,0.58,NA,2692.664,3.3
"2017-06-13","Field_A","E","Quad","pondedge",3,152.872,84.86,0.56,32.146,1190.796,0
"2017-06-13","Field_A","E","Quad","water",3,130.6495,97.59,0.75,32.146,1190.796,0
"2017-06-30","Field_A","E","Quad","pondedge",3,144.4677,86.62,0.6,17.933,1190.796,8.2
"2017-06-30","Field_A","E","Quad","water",3,126.4633,99.16,0.78,17.933,1190.796,8.2
"2017-07-21","Field_A","E","Quad","pondedge",3,149.4913,89.7,0.6,5.707,1190.796,44.9
"2017-07-21","Field_A","E","Quad","water",3,140.9586,89.41,0.63,5.707,1190.796,44.9
"2017-07-24","Field_A","E","FWing","pondedge",3,134.9471,85.62,0.63,NA,1190.796,6.6
"2017-07-24","Field_A","E","FWing","water",3,138.0068,89.52,0.65,NA,1190.796,6.6
"2017-07-26","Field_A","E","Quad","pondedge",3,136.5279,76.27,0.56,NA,1190.796,0
"2017-07-26","Field_A","E","Quad","water",3,152.9986,87.87,0.57,NA,1190.796,0
"2018-06-17","Field_A","E","Quad","pondedge",3,153.1308,89.29,0.58,17.304,1920.325,5.5
"2018-06-17","Field_A","E","Quad","water",3,142.905,101.58,0.71,17.304,1920.325,5.5
"2018-06-25","Field_A","E","Quad","pondedge",3,165.7927,84.23,0.51,12.907,1920.325,67.9
"2018-06-25","Field_A","E","Quad","water",3,175.6703,102.85,0.59,12.907,1920.325,67.9
"2018-07-11","Field_A","E","Quad","pondedge",3,148.9878,80.87,0.54,8.324,1920.325,5.4
"2018-07-11","Field_A","E","Quad","water",3,139.3224,90.74,0.65,8.324,1920.325,5.4
"2018-07-17","Field_A","E","Quad","pondedge",3,144.8939,81.35,0.56,20.228,1920.325,1.2
"2018-07-17","Field_A","E","Quad","water",3,129.8277,85.29,0.66,20.228,1920.325,1.2
"2018-07-28","Field_A","E","FWing","pondedge",3,127.6479,79.26,0.62,21.206,1920.325,38.6
"2018-07-28","Field_A","E","FWing","water",3,138.2708,89.63,0.65,21.206,1920.325,38.6
"2018-08-01","Field_A","E","Quad","pondedge",3,150.7219,85.66,0.57,44.538,1920.325,24.6
"2018-08-01","Field_A","E","Quad","water",3,133.5087,91.51,0.69,44.538,1920.325,24.6
"2018-08-08","Field_A","E","Quad","pondedge",3,146.4636,78.87,0.54,NA,1920.325,6.2
"2018-08-08","Field_A","E","Quad","water",3,121.727,96.53,0.79,NA,1920.325,6.2
"2014-07-11","Field_B","F","FWing","pondedge",3,87.3011,80.62,0.92,63.579,2385.419,11.9
"2014-07-11","Field_B","F","FWing","water",3,66.4964,126.98,1.91,63.579,2385.419,11.9
"2015-07-12","Field_B","F","FWing","pondedge",3,129.248,79.81,0.62,NA,6871.546,22.9
"2015-07-12","Field_B","F","FWing","water",3,95.8946,117.23,1.22,NA,6871.546,22.9
"2016-06-12","Field_B","F","Quad","pondedge",3,112.9426,62.29,0.55,0.303,9751.248,4.1
"2016-06-12","Field_B","F","Quad","water",3,92.9069,145.54,1.57,0.303,9751.248,4.1
"2016-06-15","Field_B","F","Quad","pondedge",3,101.7067,63.49,0.62,0.303,9751.248,11.8
"2016-06-15","Field_B","F","Quad","water",3,62.198,126.56,2.03,0.303,9751.248,11.8
"2016-06-17","Field_B","F","Quad","pondedge",3,114.6146,65.76,0.57,0.901,9751.248,13
"2016-06-17","Field_B","F","Quad","water",3,119.8355,86.19,0.72,0.901,9751.248,13
"2016-06-24","Field_B","F","Quad","pondedge",3,105.1934,67.04,0.64,8.678,9751.248,16
"2016-06-24","Field_B","F","Quad","water",3,66.8194,131.91,1.97,8.678,9751.248,16
"2016-06-26","Field_B","F","Quad","pondedge",3,104.9544,66.07,0.63,59.201,9751.248,11.2
"2016-06-26","Field_B","F","Quad","water",3,81.1726,148.07,1.82,59.201,9751.248,11.2
"2016-07-03","Field_B","F","Quad","pondedge",3,110.0768,66.19,0.6,123.982,9751.248,26.4
"2016-07-03","Field_B","F","Quad","water",3,109.6553,108.74,0.99,123.982,9751.248,26.4
"2016-07-06","Field_B","F","Quad","pondedge",3,105.1807,75.13,0.71,64.845,9751.248,50.1
"2016-07-06","Field_B","F","Quad","water",3,114.0827,114.6,1,64.845,9751.248,50.1
"2016-07-12","Field_B","F","FWing","pondedge",3,108.4687,73.49,0.68,155.44,9751.248,29.8
"2016-07-12","Field_B","F","FWing","water",3,52.248,140.19,2.68,155.44,9751.248,29.8
"2016-07-12","Field_B","F","Quad","pondedge",3,107.2343,78.47,0.73,155.44,9751.248,29.8
"2016-07-12","Field_B","F","Quad","water",3,59.86,167.85,2.8,155.44,9751.248,29.8
"2016-07-19","Field_B","F","Quad","pondedge",3,113.8675,71.54,0.63,141.138,9751.248,32.6
"2016-07-19","Field_B","F","Quad","water",3,55.9142,149.55,2.67,141.138,9751.248,32.6
"2016-07-24","Field_B","F","Quad","pondedge",3,107.6295,73.89,0.69,241.675,9751.248,14.2
"2016-07-24","Field_B","F","Quad","water",3,94.7415,116.46,1.23,241.675,9751.248,14.2
"2016-07-30","Field_B","F","Quad","pondedge",3,106.4176,79.22,0.74,305.061,9751.248,45
"2016-07-30","Field_B","F","Quad","water",3,54.2705,149.19,2.75,305.061,9751.248,45
"2016-08-22","Field_B","F","Quad","pondedge",3,105.5782,72.51,0.69,NA,9751.248,3.3
"2016-08-22","Field_B","F","Quad","water",3,91.1664,108.36,1.19,NA,9751.248,3.3
"2017-06-30","Field_B","F","Quad","pondedge",3,110.6146,76.19,0.69,40.357,4898.488,8.2
"2017-06-30","Field_B","F","Quad","water",3,113.732,140.23,1.23,40.357,4898.488,8.2
"2017-07-24","Field_B","F","FWing","pondedge",3,102.7533,87.6,0.85,NA,4898.488,6.6
"2017-07-24","Field_B","F","FWing","water",3,91.0329,155.12,1.7,NA,4898.488,6.6
"2018-06-17","Field_B","F","Quad","pondedge",3,111.4463,119.7,1.07,12.804,8162.101,5.5
"2018-06-17","Field_B","F","Quad","water",3,138.1111,147.07,1.06,12.804,8162.101,5.5
"2018-06-25","Field_B","F","Quad","pondedge",3,115.9123,104.56,0.9,3.078,8162.101,67.9
"2018-06-25","Field_B","F","Quad","water",3,140.3176,154.29,1.1,3.078,8162.101,67.9
"2018-07-11","Field_B","F","Quad","pondedge",3,104.1752,98.42,0.94,39.888,8162.101,5.4
"2018-07-11","Field_B","F","Quad","water",3,100.8533,153.05,1.52,39.888,8162.101,5.4
"2018-07-17","Field_B","F","Quad","pondedge",3,99.7397,84.49,0.85,91.273,8162.101,1.2
"2018-07-17","Field_B","F","Quad","water",3,31.3358,93.29,2.98,91.273,8162.101,1.2
"2018-07-28","Field_B","F","FWing","pondedge",3,99.353,87.29,0.88,292.982,8162.101,38.6
"2018-07-28","Field_B","F","FWing","water",3,17.8373,92.06,5.16,292.982,8162.101,38.6
"2018-08-01","Field_B","F","Quad","pondedge",3,93.5884,87.11,0.93,492.976,8162.101,24.6
"2018-08-01","Field_B","F","Quad","water",3,71.7317,129.52,1.81,492.976,8162.101,24.6
"2018-08-08","Field_B","F","Quad","pondedge",3,93.4448,79.44,0.85,NA,8162.101,6.2
"2018-08-08","Field_B","F","Quad","water",3,74.3045,112.81,1.52,NA,8162.101,6.2
"2014-07-11","Field_R","H","FWing","pondedge",4,142.4247,136.65,0.96,1.386,3862.36,11.9
"2014-07-11","Field_R","H","FWing","water",4,148.1856,132.82,0.9,1.386,3862.36,11.9
"2015-07-12","Field_R","H","FWing","pondedge",4,151.4662,124.97,0.83,17.008,1085.254,22.9
"2015-07-12","Field_R","H","FWing","water",4,157.3396,124.82,0.79,17.008,1085.254,22.9
"2016-06-12","Field_R","H","Quad","pondedge",4,177.5505,109.97,0.62,0.689,1743.494,4.1
"2016-06-12","Field_R","H","Quad","water",4,172.7978,122.99,0.71,0.689,1743.494,4.1
"2016-06-15","Field_R","H","Quad","pondedge",4,176.5962,109.42,0.62,9.286,1743.494,11.8
"2016-06-15","Field_R","H","Quad","water",4,153.862,137.36,0.89,9.286,1743.494,11.8
"2016-06-17","Field_R","H","Quad","pondedge",4,192.8413,102.62,0.53,9.286,1743.494,13
"2016-06-17","Field_R","H","Quad","water",4,164.5578,132.39,0.8,9.286,1743.494,13
"2016-06-26","Field_R","H","Quad","pondedge",4,141.084,105.45,0.75,48.448,1743.494,11.2
"2016-06-26","Field_R","H","Quad","water",4,146.6718,114.93,0.78,48.448,1743.494,11.2
"2016-07-03","Field_R","H","Quad","pondedge",4,177.6977,119.04,0.67,26.351,1743.494,26.4
"2016-07-03","Field_R","H","Quad","water",4,175.3092,143.74,0.82,26.351,1743.494,26.4
"2016-07-06","Field_R","H","Quad","pondedge",4,176.1931,110.09,0.62,5.754,1743.494,50.1
"2016-07-06","Field_R","H","Quad","water",4,211.189,141.63,0.67,5.754,1743.494,50.1
"2016-07-12","Field_R","H","FWing","pondedge",4,156.1755,132.88,0.85,18.187,1743.494,29.8
"2016-07-12","Field_R","H","FWing","water",4,156.0618,141.18,0.9,18.187,1743.494,29.8
"2016-07-12","Field_R","H","Quad","pondedge",4,147.2581,121.98,0.83,18.187,1743.494,29.8
"2016-07-12","Field_R","H","Quad","water",4,86.8396,159.29,1.83,18.187,1743.494,29.8
"2016-07-19","Field_R","H","Quad","pondedge",4,158.1346,114.78,0.73,38.259,1743.494,32.6
"2016-07-19","Field_R","H","Quad","water",4,156.7457,154.59,0.99,38.259,1743.494,32.6
"2016-07-24","Field_R","H","Quad","pondedge",4,150.3711,128.68,0.86,42.415,1743.494,14.2
"2016-07-24","Field_R","H","Quad","water",4,150.9661,152.81,1.01,42.415,1743.494,14.2
"2016-07-30","Field_R","H","Quad","pondedge",4,127.0239,117.99,0.93,36.593,1743.494,45
"2016-07-30","Field_R","H","Quad","water",4,148.96,141.52,0.95,36.593,1743.494,45
"2016-08-22","Field_R","H","Quad","pondedge",4,150.4327,115.99,0.77,NA,1743.494,3.3
"2016-08-22","Field_R","H","Quad","water",4,167.8322,140.28,0.84,NA,1743.494,3.3
"2017-06-30","Field_R","H","Quad","pondedge",4,169.3579,126.69,0.75,1.368,439.739,8.2
"2017-06-30","Field_R","H","Quad","water",4,168.8973,138.62,0.82,1.368,439.739,8.2
"2017-07-21","Field_R","H","Quad","pondedge",4,143.5055,139.44,0.97,5.283,439.739,44.9
"2017-07-21","Field_R","H","Quad","water",4,161.4529,138.04,0.86,5.283,439.739,44.9
"2017-07-24","Field_R","H","FWing","pondedge",4,162.455,137.39,0.85,NA,439.739,6.6
"2017-07-24","Field_R","H","FWing","water",4,152.2348,142.71,0.94,NA,439.739,6.6
"2017-07-26","Field_R","H","Quad","pondedge",4,150.3941,128.93,0.86,NA,439.739,0
"2017-07-26","Field_R","H","Quad","water",4,153.4553,144.5,0.94,NA,439.739,0
"2018-06-17","Field_R","H","Quad","pondedge",4,212.3402,153.63,0.72,0,557.357,5.5
"2018-06-17","Field_R","H","Quad","water",4,223.0844,188.02,0.84,0,557.357,5.5
"2018-06-25","Field_R","H","Quad","pondedge",4,219.3978,139.86,0.64,0,557.357,67.9
"2018-06-25","Field_R","H","Quad","water",4,262.0714,200.11,0.76,0,557.357,67.9
"2018-07-05","Field_R","H","Quad","pondedge",4,186.4941,123.3,0.66,0,557.357,0.6
"2018-07-05","Field_R","H","Quad","water",4,193.7581,170.32,0.88,0,557.357,0.6
"2018-07-11","Field_R","H","Quad","pondedge",4,166.6779,150.66,0.9,0,557.357,5.4
"2018-07-11","Field_R","H","Quad","water",4,161.0366,163.15,1.01,0,557.357,5.4
"2018-07-17","Field_R","H","Quad","pondedge",4,162.5207,145.45,0.89,3.638,557.357,1.2
"2018-07-17","Field_R","H","Quad","water",4,183.351,182.11,0.99,3.638,557.357,1.2
"2018-07-28","Field_R","H","FWing","pondedge",4,159.519,133.55,0.84,12.268,557.357,38.6
"2018-07-28","Field_R","H","FWing","water",4,160.8038,136.28,0.85,12.268,557.357,38.6
"2018-08-01","Field_R","H","Quad","pondedge",4,150.5792,169.09,1.12,37.58,557.357,24.6
"2018-08-01","Field_R","H","Quad","water",4,175.0804,150.8,0.86,37.58,557.357,24.6
